id,Geographic Area Name,Estimate!!Median household income in the past 12 months (in 2019 inflation-adjusted dollars),Margin of Error!!Median household income in the past 12 months (in 2019 inflation-adjusted dollars)
1500000US110010001001,"Block Group 1, Census Tract 1, District of Columbia, District of Columbia",155938,19233
1500000US110010001002,"Block Group 2, Census Tract 1, District of Columbia, District of Columbia",197773,36748
1500000US110010001003,"Block Group 3, Census Tract 1, District of Columbia, District of Columbia",237109,199725
1500000US110010001004,"Block Group 4, Census Tract 1, District of Columbia, District of Columbia",216513,19537
1500000US110010002011,"Block Group 1, Census Tract 2.01, District of Columbia, District of Columbia",94605,25448
1500000US110010002021,"Block Group 1, Census Tract 2.02, District of Columbia, District of Columbia",250000,25448
1500000US110010002022,"Block Group 2, Census Tract 2.02, District of Columbia, District of Columbia",217056,93935
1500000US110010002023,"Block Group 3, Census Tract 2.02, District of Columbia, District of Columbia",185465,72914
1500000US110010002024,"Block Group 4, Census Tract 2.02, District of Columbia, District of Columbia",108603,49846
1500000US110010003001,"Block Group 1, Census Tract 3, District of Columbia, District of Columbia",145294,50619
1500000US110010003002,"Block Group 2, Census Tract 3, District of Columbia, District of Columbia",104119,20210
1500000US110010003003,"Block Group 3, Census Tract 3, District of Columbia, District of Columbia",203750,74160
1500000US110010003004,"Block Group 4, Census Tract 3, District of Columbia, District of Columbia",214071,28741
1500000US110010004001,"Block Group 1, Census Tract 4, District of Columbia, District of Columbia",250000,25448
1500000US110010004002,"Block Group 2, Census Tract 4, District of Columbia, District of Columbia",113438,20850
1500000US110010005011,"Block Group 1, Census Tract 5.01, District of Columbia, District of Columbia",106875,17562
1500000US110010005012,"Block Group 2, Census Tract 5.01, District of Columbia, District of Columbia",151719,20146
1500000US110010005021,"Block Group 1, Census Tract 5.02, District of Columbia, District of Columbia",160536,30041
1500000US110010005022,"Block Group 2, Census Tract 5.02, District of Columbia, District of Columbia",143281,26189
1500000US110010006001,"Block Group 1, Census Tract 6, District of Columbia, District of Columbia",109716,38694
1500000US110010006002,"Block Group 2, Census Tract 6, District of Columbia, District of Columbia",217614,164257
1500000US110010006003,"Block Group 3, Census Tract 6, District of Columbia, District of Columbia",137361,105423
1500000US110010006004,"Block Group 4, Census Tract 6, District of Columbia, District of Columbia",250000,25448
1500000US110010007011,"Block Group 1, Census Tract 7.01, District of Columbia, District of Columbia",72886,18340
1500000US110010007012,"Block Group 2, Census Tract 7.01, District of Columbia, District of Columbia",81989,11042
1500000US110010007013,"Block Group 3, Census Tract 7.01, District of Columbia, District of Columbia",135645,36972
1500000US110010007014,"Block Group 4, Census Tract 7.01, District of Columbia, District of Columbia",160906,96965
1500000US110010007021,"Block Group 1, Census Tract 7.02, District of Columbia, District of Columbia",94543,14698
1500000US110010007022,"Block Group 2, Census Tract 7.02, District of Columbia, District of Columbia",53393,32228
1500000US110010007023,"Block Group 3, Census Tract 7.02, District of Columbia, District of Columbia",63942,25757
1500000US110010008011,"Block Group 1, Census Tract 8.01, District of Columbia, District of Columbia",90590,11018
1500000US110010008012,"Block Group 2, Census Tract 8.01, District of Columbia, District of Columbia",250000,25448
1500000US110010008013,"Block Group 3, Census Tract 8.01, District of Columbia, District of Columbia",184957,45771
1500000US110010008014,"Block Group 4, Census Tract 8.01, District of Columbia, District of Columbia",147308,96047
1500000US110010008021,"Block Group 1, Census Tract 8.02, District of Columbia, District of Columbia",111563,36220
1500000US110010008022,"Block Group 2, Census Tract 8.02, District of Columbia, District of Columbia",183125,47646
1500000US110010009011,"Block Group 1, Census Tract 9.01, District of Columbia, District of Columbia",250000,25448
1500000US110010009012,"Block Group 2, Census Tract 9.01, District of Columbia, District of Columbia",250000,25448
1500000US110010009013,"Block Group 3, Census Tract 9.01, District of Columbia, District of Columbia",250000,25448
1500000US110010009021,"Block Group 1, Census Tract 9.02, District of Columbia, District of Columbia",233889,14473
1500000US110010009022,"Block Group 2, Census Tract 9.02, District of Columbia, District of Columbia",170750,64877
1500000US110010010011,"Block Group 1, Census Tract 10.01, District of Columbia, District of Columbia",173859,25862
1500000US110010010012,"Block Group 2, Census Tract 10.01, District of Columbia, District of Columbia",158269,15840
1500000US110010010013,"Block Group 3, Census Tract 10.01, District of Columbia, District of Columbia",243750,57297
1500000US110010010014,"Block Group 4, Census Tract 10.01, District of Columbia, District of Columbia",192763,173261
1500000US110010010015,"Block Group 5, Census Tract 10.01, District of Columbia, District of Columbia",209792,84505
1500000US110010010016,"Block Group 6, Census Tract 10.01, District of Columbia, District of Columbia",210707,82800
1500000US110010010021,"Block Group 1, Census Tract 10.02, District of Columbia, District of Columbia",37361,21538
1500000US110010010022,"Block Group 2, Census Tract 10.02, District of Columbia, District of Columbia",149211,29497
1500000US110010010023,"Block Group 3, Census Tract 10.02, District of Columbia, District of Columbia",146016,42362
1500000US110010011001,"Block Group 1, Census Tract 11, District of Columbia, District of Columbia",150583,45605
1500000US110010011002,"Block Group 2, Census Tract 11, District of Columbia, District of Columbia",148917,46619
1500000US110010011003,"Block Group 3, Census Tract 11, District of Columbia, District of Columbia",88452,18660
1500000US110010011004,"Block Group 4, Census Tract 11, District of Columbia, District of Columbia",250000,25448
1500000US110010012001,"Block Group 1, Census Tract 12, District of Columbia, District of Columbia",88080,13185
1500000US110010012002,"Block Group 2, Census Tract 12, District of Columbia, District of Columbia",132281,73731
1500000US110010012003,"Block Group 3, Census Tract 12, District of Columbia, District of Columbia",198750,70159
1500000US110010012004,"Block Group 4, Census Tract 12, District of Columbia, District of Columbia",240074,87479
1500000US110010013011,"Block Group 1, Census Tract 13.01, District of Columbia, District of Columbia",103750,45540
1500000US110010013012,"Block Group 2, Census Tract 13.01, District of Columbia, District of Columbia",215938,92750
1500000US110010013013,"Block Group 3, Census Tract 13.01, District of Columbia, District of Columbia",106484,35667
1500000US110010013021,"Block Group 1, Census Tract 13.02, District of Columbia, District of Columbia",89718,16879
1500000US110010013022,"Block Group 2, Census Tract 13.02, District of Columbia, District of Columbia",99667,19720
1500000US110010013023,"Block Group 3, Census Tract 13.02, District of Columbia, District of Columbia",61605,57773
1500000US110010014011,"Block Group 1, Census Tract 14.01, District of Columbia, District of Columbia",111071,15069
1500000US110010014012,"Block Group 2, Census Tract 14.01, District of Columbia, District of Columbia",250000,25448
1500000US110010014021,"Block Group 1, Census Tract 14.02, District of Columbia, District of Columbia",238125,57994
1500000US110010014022,"Block Group 2, Census Tract 14.02, District of Columbia, District of Columbia",113750,26489
1500000US110010014023,"Block Group 3, Census Tract 14.02, District of Columbia, District of Columbia",95000,40815
1500000US110010015001,"Block Group 1, Census Tract 15, District of Columbia, District of Columbia",250000,25448
1500000US110010015002,"Block Group 2, Census Tract 15, District of Columbia, District of Columbia",202500,57755
1500000US110010015003,"Block Group 3, Census Tract 15, District of Columbia, District of Columbia",212831,81920
1500000US110010015004,"Block Group 4, Census Tract 15, District of Columbia, District of Columbia",216528,119121
1500000US110010015005,"Block Group 5, Census Tract 15, District of Columbia, District of Columbia",179479,110622
1500000US110010016001,"Block Group 1, Census Tract 16, District of Columbia, District of Columbia",208857,36565
1500000US110010016002,"Block Group 2, Census Tract 16, District of Columbia, District of Columbia",94605,25448
1500000US110010016003,"Block Group 3, Census Tract 16, District of Columbia, District of Columbia",186607,77188
1500000US110010016004,"Block Group 4, Census Tract 16, District of Columbia, District of Columbia",175588,14335
1500000US110010017021,"Block Group 1, Census Tract 17.02, District of Columbia, District of Columbia",130341,29331
1500000US110010017022,"Block Group 2, Census Tract 17.02, District of Columbia, District of Columbia",94853,30706
1500000US110010018031,"Block Group 1, Census Tract 18.03, District of Columbia, District of Columbia",63021,11956
1500000US110010018032,"Block Group 2, Census Tract 18.03, District of Columbia, District of Columbia",45760,10695
1500000US110010018041,"Block Group 1, Census Tract 18.04, District of Columbia, District of Columbia",35378,27650
1500000US110010018042,"Block Group 2, Census Tract 18.04, District of Columbia, District of Columbia",46472,6956
1500000US110010018043,"Block Group 3, Census Tract 18.04, District of Columbia, District of Columbia",39652,13537
1500000US110010019011,"Block Group 1, Census Tract 19.01, District of Columbia, District of Columbia",94605,25448
1500000US110010019012,"Block Group 2, Census Tract 19.01, District of Columbia, District of Columbia",76250,48525
1500000US110010019013,"Block Group 3, Census Tract 19.01, District of Columbia, District of Columbia",100878,5316
1500000US110010019014,"Block Group 4, Census Tract 19.01, District of Columbia, District of Columbia",103472,65001
1500000US110010019021,"Block Group 1, Census Tract 19.02, District of Columbia, District of Columbia",121042,39754
1500000US110010019022,"Block Group 2, Census Tract 19.02, District of Columbia, District of Columbia",62125,16332
1500000US110010020011,"Block Group 1, Census Tract 20.01, District of Columbia, District of Columbia",54167,12301
1500000US110010020012,"Block Group 2, Census Tract 20.01, District of Columbia, District of Columbia",128452,25649
1500000US110010020021,"Block Group 1, Census Tract 20.02, District of Columbia, District of Columbia",237917,50048
1500000US110010020022,"Block Group 2, Census Tract 20.02, District of Columbia, District of Columbia",74821,30155
1500000US110010020023,"Block Group 3, Census Tract 20.02, District of Columbia, District of Columbia",155833,32786
1500000US110010021011,"Block Group 1, Census Tract 21.01, District of Columbia, District of Columbia",58663,23436
1500000US110010021012,"Block Group 2, Census Tract 21.01, District of Columbia, District of Columbia",49563,35417
1500000US110010021013,"Block Group 3, Census Tract 21.01, District of Columbia, District of Columbia",119231,30019
1500000US110010021014,"Block Group 4, Census Tract 21.01, District of Columbia, District of Columbia",94605,25448
1500000US110010021015,"Block Group 5, Census Tract 21.01, District of Columbia, District of Columbia",63882,51653
1500000US110010021021,"Block Group 1, Census Tract 21.02, District of Columbia, District of Columbia",130658,22850
1500000US110010021022,"Block Group 2, Census Tract 21.02, District of Columbia, District of Columbia",79615,33493
1500000US110010021023,"Block Group 3, Census Tract 21.02, District of Columbia, District of Columbia",94605,25448
1500000US110010021024,"Block Group 4, Census Tract 21.02, District of Columbia, District of Columbia",112566,54890
1500000US110010021025,"Block Group 5, Census Tract 21.02, District of Columbia, District of Columbia",62167,46150
1500000US110010021026,"Block Group 6, Census Tract 21.02, District of Columbia, District of Columbia",62557,27560
1500000US110010022011,"Block Group 1, Census Tract 22.01, District of Columbia, District of Columbia",109022,24791
1500000US110010022012,"Block Group 2, Census Tract 22.01, District of Columbia, District of Columbia",66948,35670
1500000US110010022013,"Block Group 3, Census Tract 22.01, District of Columbia, District of Columbia",85903,50504
1500000US110010022021,"Block Group 1, Census Tract 22.02, District of Columbia, District of Columbia",55495,17249
1500000US110010022022,"Block Group 2, Census Tract 22.02, District of Columbia, District of Columbia",76146,49925
1500000US110010022023,"Block Group 3, Census Tract 22.02, District of Columbia, District of Columbia",65125,20958
1500000US110010023011,"Block Group 1, Census Tract 23.01, District of Columbia, District of Columbia",170370,25352
1500000US110010023012,"Block Group 2, Census Tract 23.01, District of Columbia, District of Columbia",141146,22777
1500000US110010023021,"Block Group 1, Census Tract 23.02, District of Columbia, District of Columbia",57386,26334
1500000US110010024001,"Block Group 1, Census Tract 24, District of Columbia, District of Columbia",109094,17382
1500000US110010024002,"Block Group 2, Census Tract 24, District of Columbia, District of Columbia",73239,14324
1500000US110010024003,"Block Group 3, Census Tract 24, District of Columbia, District of Columbia",156500,25497
1500000US110010024004,"Block Group 4, Census Tract 24, District of Columbia, District of Columbia",94211,26380
1500000US110010025011,"Block Group 1, Census Tract 25.01, District of Columbia, District of Columbia",63264,31941
1500000US110010025012,"Block Group 2, Census Tract 25.01, District of Columbia, District of Columbia",143365,30656
1500000US110010025021,"Block Group 1, Census Tract 25.02, District of Columbia, District of Columbia",49193,8690
1500000US110010025022,"Block Group 2, Census Tract 25.02, District of Columbia, District of Columbia",91000,38434
1500000US110010025023,"Block Group 3, Census Tract 25.02, District of Columbia, District of Columbia",138304,78697
1500000US110010025024,"Block Group 4, Census Tract 25.02, District of Columbia, District of Columbia",83438,18999
1500000US110010026001,"Block Group 1, Census Tract 26, District of Columbia, District of Columbia",96750,51542
1500000US110010026002,"Block Group 2, Census Tract 26, District of Columbia, District of Columbia",240500,54383
1500000US110010027011,"Block Group 1, Census Tract 27.01, District of Columbia, District of Columbia",103984,48026
1500000US110010027012,"Block Group 2, Census Tract 27.01, District of Columbia, District of Columbia",69345,23186
1500000US110010027013,"Block Group 3, Census Tract 27.01, District of Columbia, District of Columbia",137381,63512
1500000US110010027014,"Block Group 4, Census Tract 27.01, District of Columbia, District of Columbia",54281,11090
1500000US110010027021,"Block Group 1, Census Tract 27.02, District of Columbia, District of Columbia",70744,33878
1500000US110010027022,"Block Group 2, Census Tract 27.02, District of Columbia, District of Columbia",99917,24323
1500000US110010027023,"Block Group 3, Census Tract 27.02, District of Columbia, District of Columbia",171739,15956
1500000US110010028011,"Block Group 1, Census Tract 28.01, District of Columbia, District of Columbia",62731,17823
1500000US110010028012,"Block Group 2, Census Tract 28.01, District of Columbia, District of Columbia",53068,10469
1500000US110010028021,"Block Group 1, Census Tract 28.02, District of Columbia, District of Columbia",61556,18606
1500000US110010028022,"Block Group 2, Census Tract 28.02, District of Columbia, District of Columbia",96152,22762
1500000US110010029001,"Block Group 1, Census Tract 29, District of Columbia, District of Columbia",112143,43571
1500000US110010029002,"Block Group 2, Census Tract 29, District of Columbia, District of Columbia",117188,22202
1500000US110010030001,"Block Group 1, Census Tract 30, District of Columbia, District of Columbia",113693,32821
1500000US110010030002,"Block Group 2, Census Tract 30, District of Columbia, District of Columbia",77581,44802
1500000US110010031001,"Block Group 1, Census Tract 31, District of Columbia, District of Columbia",116858,13208
1500000US110010032001,"Block Group 1, Census Tract 32, District of Columbia, District of Columbia",130833,53420
1500000US110010032002,"Block Group 2, Census Tract 32, District of Columbia, District of Columbia",91250,40152
1500000US110010032003,"Block Group 3, Census Tract 32, District of Columbia, District of Columbia",81678,18079
1500000US110010032004,"Block Group 4, Census Tract 32, District of Columbia, District of Columbia",112679,16849
1500000US110010033011,"Block Group 1, Census Tract 33.01, District of Columbia, District of Columbia",126292,72357
1500000US110010033012,"Block Group 2, Census Tract 33.01, District of Columbia, District of Columbia",136985,21887
1500000US110010033013,"Block Group 3, Census Tract 33.01, District of Columbia, District of Columbia",157292,46944
1500000US110010033021,"Block Group 1, Census Tract 33.02, District of Columbia, District of Columbia",135221,22753
1500000US110010033022,"Block Group 2, Census Tract 33.02, District of Columbia, District of Columbia",165278,45754
1500000US110010034001,"Block Group 1, Census Tract 34, District of Columbia, District of Columbia",38857,19322
1500000US110010034002,"Block Group 2, Census Tract 34, District of Columbia, District of Columbia",114423,30138
1500000US110010035001,"Block Group 1, Census Tract 35, District of Columbia, District of Columbia",75982,36686
1500000US110010035002,"Block Group 2, Census Tract 35, District of Columbia, District of Columbia",100662,20921
1500000US110010036001,"Block Group 1, Census Tract 36, District of Columbia, District of Columbia",97386,34164
1500000US110010036002,"Block Group 2, Census Tract 36, District of Columbia, District of Columbia",67895,33526
1500000US110010036003,"Block Group 3, Census Tract 36, District of Columbia, District of Columbia",130481,41741
1500000US110010037001,"Block Group 1, Census Tract 37, District of Columbia, District of Columbia",108393,81464
1500000US110010037002,"Block Group 2, Census Tract 37, District of Columbia, District of Columbia",42679,16701
1500000US110010037003,"Block Group 3, Census Tract 37, District of Columbia, District of Columbia",107458,16557
1500000US110010038001,"Block Group 1, Census Tract 38, District of Columbia, District of Columbia",106888,12179
1500000US110010038002,"Block Group 2, Census Tract 38, District of Columbia, District of Columbia",107019,22526
1500000US110010038003,"Block Group 3, Census Tract 38, District of Columbia, District of Columbia",94605,25448
1500000US110010039001,"Block Group 1, Census Tract 39, District of Columbia, District of Columbia",102813,22888
1500000US110010039002,"Block Group 2, Census Tract 39, District of Columbia, District of Columbia",75859,12016
1500000US110010039003,"Block Group 3, Census Tract 39, District of Columbia, District of Columbia",119650,14085
1500000US110010039004,"Block Group 4, Census Tract 39, District of Columbia, District of Columbia",141434,9410
1500000US110010040011,"Block Group 1, Census Tract 40.01, District of Columbia, District of Columbia",165223,46394
1500000US110010040012,"Block Group 2, Census Tract 40.01, District of Columbia, District of Columbia",153650,62846
1500000US110010040013,"Block Group 3, Census Tract 40.01, District of Columbia, District of Columbia",125405,35230
1500000US110010040021,"Block Group 1, Census Tract 40.02, District of Columbia, District of Columbia",104808,34631
1500000US110010040022,"Block Group 2, Census Tract 40.02, District of Columbia, District of Columbia",150943,9085
1500000US110010040023,"Block Group 3, Census Tract 40.02, District of Columbia, District of Columbia",105379,22937
1500000US110010041001,"Block Group 1, Census Tract 41, District of Columbia, District of Columbia",133625,28395
1500000US110010041002,"Block Group 2, Census Tract 41, District of Columbia, District of Columbia",143095,67147
1500000US110010041003,"Block Group 3, Census Tract 41, District of Columbia, District of Columbia",250000,25448
1500000US110010042011,"Block Group 1, Census Tract 42.01, District of Columbia, District of Columbia",87321,36073
1500000US110010042012,"Block Group 2, Census Tract 42.01, District of Columbia, District of Columbia",173750,51611
1500000US110010042021,"Block Group 1, Census Tract 42.02, District of Columbia, District of Columbia",92368,55536
1500000US110010042022,"Block Group 2, Census Tract 42.02, District of Columbia, District of Columbia",103333,17554
1500000US110010043001,"Block Group 1, Census Tract 43, District of Columbia, District of Columbia",81089,13743
1500000US110010043002,"Block Group 2, Census Tract 43, District of Columbia, District of Columbia",116656,13828
1500000US110010044001,"Block Group 1, Census Tract 44, District of Columbia, District of Columbia",176429,29224
1500000US110010044002,"Block Group 2, Census Tract 44, District of Columbia, District of Columbia",145625,29451
1500000US110010046001,"Block Group 1, Census Tract 46, District of Columbia, District of Columbia",100938,58860
1500000US110010046002,"Block Group 2, Census Tract 46, District of Columbia, District of Columbia",123295,20182
1500000US110010047011,"Block Group 1, Census Tract 47.01, District of Columbia, District of Columbia",94605,25448
1500000US110010047012,"Block Group 2, Census Tract 47.01, District of Columbia, District of Columbia",74928,27958
1500000US110010047021,"Block Group 1, Census Tract 47.02, District of Columbia, District of Columbia",119125,13761
1500000US110010048011,"Block Group 1, Census Tract 48.01, District of Columbia, District of Columbia",118571,20071
1500000US110010048021,"Block Group 1, Census Tract 48.02, District of Columbia, District of Columbia",137917,20632
1500000US110010048022,"Block Group 2, Census Tract 48.02, District of Columbia, District of Columbia",47464,18416
1500000US110010049011,"Block Group 1, Census Tract 49.01, District of Columbia, District of Columbia",58125,43833
1500000US110010049012,"Block Group 2, Census Tract 49.01, District of Columbia, District of Columbia",128773,12284
1500000US110010049021,"Block Group 1, Census Tract 49.02, District of Columbia, District of Columbia",94605,25448
1500000US110010049022,"Block Group 2, Census Tract 49.02, District of Columbia, District of Columbia",150417,30788
1500000US110010050011,"Block Group 1, Census Tract 50.01, District of Columbia, District of Columbia",180125,28969
1500000US110010050012,"Block Group 2, Census Tract 50.01, District of Columbia, District of Columbia",138304,30867
1500000US110010050021,"Block Group 1, Census Tract 50.02, District of Columbia, District of Columbia",67167,48971
1500000US110010050022,"Block Group 2, Census Tract 50.02, District of Columbia, District of Columbia",108177,16955
1500000US110010050023,"Block Group 3, Census Tract 50.02, District of Columbia, District of Columbia",165000,45877
1500000US110010050024,"Block Group 4, Census Tract 50.02, District of Columbia, District of Columbia",54543,33483
1500000US110010052011,"Block Group 1, Census Tract 52.01, District of Columbia, District of Columbia",83292,20567
1500000US110010052012,"Block Group 2, Census Tract 52.01, District of Columbia, District of Columbia",133462,30005
1500000US110010052013,"Block Group 3, Census Tract 52.01, District of Columbia, District of Columbia",87185,44565
1500000US110010052014,"Block Group 4, Census Tract 52.01, District of Columbia, District of Columbia",126327,27912
1500000US110010053011,"Block Group 1, Census Tract 53.01, District of Columbia, District of Columbia",112461,26777
1500000US110010053012,"Block Group 2, Census Tract 53.01, District of Columbia, District of Columbia",105500,40077
1500000US110010053013,"Block Group 3, Census Tract 53.01, District of Columbia, District of Columbia",98005,10253
1500000US110010053014,"Block Group 4, Census Tract 53.01, District of Columbia, District of Columbia",89375,29708
1500000US110010055001,"Block Group 1, Census Tract 55, District of Columbia, District of Columbia",113024,8887
1500000US110010055002,"Block Group 2, Census Tract 55, District of Columbia, District of Columbia",117586,50121
1500000US110010055003,"Block Group 3, Census Tract 55, District of Columbia, District of Columbia",106422,35563
1500000US110010055004,"Block Group 4, Census Tract 55, District of Columbia, District of Columbia",82241,59925
1500000US110010055005,"Block Group 5, Census Tract 55, District of Columbia, District of Columbia",94722,30998
1500000US110010056001,"Block Group 1, Census Tract 56, District of Columbia, District of Columbia",44402,37659
1500000US110010056002,"Block Group 2, Census Tract 56, District of Columbia, District of Columbia",122991,10226
1500000US110010056003,"Block Group 3, Census Tract 56, District of Columbia, District of Columbia",100202,30678
1500000US110010056004,"Block Group 4, Census Tract 56, District of Columbia, District of Columbia",54971,13821
1500000US110010058001,"Block Group 1, Census Tract 58, District of Columbia, District of Columbia",161667,17992
1500000US110010058002,"Block Group 2, Census Tract 58, District of Columbia, District of Columbia",122692,9308
1500000US110010059001,"Block Group 1, Census Tract 59, District of Columbia, District of Columbia",98750,21107
1500000US110010062021,"Block Group 1, Census Tract 62.02, District of Columbia, District of Columbia",94605,25448
1500000US110010064001,"Block Group 1, Census Tract 64, District of Columbia, District of Columbia",29398,19511
1500000US110010064002,"Block Group 2, Census Tract 64, District of Columbia, District of Columbia",31198,10907
1500000US110010065001,"Block Group 1, Census Tract 65, District of Columbia, District of Columbia",126914,21279
1500000US110010065002,"Block Group 2, Census Tract 65, District of Columbia, District of Columbia",180313,46869
1500000US110010066001,"Block Group 1, Census Tract 66, District of Columbia, District of Columbia",115417,24274
1500000US110010067001,"Block Group 1, Census Tract 67, District of Columbia, District of Columbia",119929,10659
1500000US110010067002,"Block Group 2, Census Tract 67, District of Columbia, District of Columbia",165052,32402
1500000US110010067003,"Block Group 3, Census Tract 67, District of Columbia, District of Columbia",220556,74922
1500000US110010068011,"Block Group 1, Census Tract 68.01, District of Columbia, District of Columbia",113600,22020
1500000US110010068012,"Block Group 2, Census Tract 68.01, District of Columbia, District of Columbia",133125,70743
1500000US110010068021,"Block Group 1, Census Tract 68.02, District of Columbia, District of Columbia",124844,24522
1500000US110010068022,"Block Group 2, Census Tract 68.02, District of Columbia, District of Columbia",174063,40247
1500000US110010068041,"Block Group 1, Census Tract 68.04, District of Columbia, District of Columbia",160938,99964
1500000US110010069001,"Block Group 1, Census Tract 69, District of Columbia, District of Columbia",156563,23954
1500000US110010069002,"Block Group 2, Census Tract 69, District of Columbia, District of Columbia",250000,25448
1500000US110010070001,"Block Group 1, Census Tract 70, District of Columbia, District of Columbia",145938,52875
1500000US110010070002,"Block Group 2, Census Tract 70, District of Columbia, District of Columbia",166750,48885
1500000US110010071001,"Block Group 1, Census Tract 71, District of Columbia, District of Columbia",63224,31806
1500000US110010071002,"Block Group 2, Census Tract 71, District of Columbia, District of Columbia",110341,23427
1500000US110010072001,"Block Group 1, Census Tract 72, District of Columbia, District of Columbia",140250,8186
1500000US110010072002,"Block Group 2, Census Tract 72, District of Columbia, District of Columbia",99398,26252
1500000US110010073011,"Block Group 1, Census Tract 73.01, District of Columbia, District of Columbia",94677,21016
1500000US110010073041,"Block Group 1, Census Tract 73.04, District of Columbia, District of Columbia",30000,7412
1500000US110010073042,"Block Group 2, Census Tract 73.04, District of Columbia, District of Columbia",48462,25654
1500000US110010073043,"Block Group 3, Census Tract 73.04, District of Columbia, District of Columbia",26600,17958
1500000US110010074011,"Block Group 1, Census Tract 74.01, District of Columbia, District of Columbia",13814,2004
1500000US110010074012,"Block Group 2, Census Tract 74.01, District of Columbia, District of Columbia",14943,4402
1500000US110010074031,"Block Group 1, Census Tract 74.03, District of Columbia, District of Columbia",32162,7883
1500000US110010074041,"Block Group 1, Census Tract 74.04, District of Columbia, District of Columbia",49327,10580
1500000US110010074042,"Block Group 2, Census Tract 74.04, District of Columbia, District of Columbia",90694,30350
1500000US110010074043,"Block Group 3, Census Tract 74.04, District of Columbia, District of Columbia",72237,37832
1500000US110010074061,"Block Group 1, Census Tract 74.06, District of Columbia, District of Columbia",38276,31078
1500000US110010074062,"Block Group 2, Census Tract 74.06, District of Columbia, District of Columbia",13264,5947
1500000US110010074071,"Block Group 1, Census Tract 74.07, District of Columbia, District of Columbia",29159,13997
1500000US110010074072,"Block Group 2, Census Tract 74.07, District of Columbia, District of Columbia",41875,12987
1500000US110010074081,"Block Group 1, Census Tract 74.08, District of Columbia, District of Columbia",23401,7228
1500000US110010074091,"Block Group 1, Census Tract 74.09, District of Columbia, District of Columbia",44617,35553
1500000US110010074092,"Block Group 2, Census Tract 74.09, District of Columbia, District of Columbia",50455,25791
1500000US110010074093,"Block Group 3, Census Tract 74.09, District of Columbia, District of Columbia",25720,6095
1500000US110010075021,"Block Group 1, Census Tract 75.02, District of Columbia, District of Columbia",27610,7745
1500000US110010075022,"Block Group 2, Census Tract 75.02, District of Columbia, District of Columbia",29750,14275
1500000US110010075031,"Block Group 1, Census Tract 75.03, District of Columbia, District of Columbia",34398,9018
1500000US110010075032,"Block Group 2, Census Tract 75.03, District of Columbia, District of Columbia",26250,11548
1500000US110010075041,"Block Group 1, Census Tract 75.04, District of Columbia, District of Columbia",16770,4556
1500000US110010076011,"Block Group 1, Census Tract 76.01, District of Columbia, District of Columbia",43787,10738
1500000US110010076012,"Block Group 2, Census Tract 76.01, District of Columbia, District of Columbia",90724,63350
1500000US110010076013,"Block Group 3, Census Tract 76.01, District of Columbia, District of Columbia",34552,20755
1500000US110010076014,"Block Group 4, Census Tract 76.01, District of Columbia, District of Columbia",40192,19200
1500000US110010076015,"Block Group 5, Census Tract 76.01, District of Columbia, District of Columbia",27976,10648
1500000US110010076031,"Block Group 1, Census Tract 76.03, District of Columbia, District of Columbia",52070,25078
1500000US110010076032,"Block Group 2, Census Tract 76.03, District of Columbia, District of Columbia",51812,6381
1500000US110010076033,"Block Group 3, Census Tract 76.03, District of Columbia, District of Columbia",85817,55918
1500000US110010076034,"Block Group 4, Census Tract 76.03, District of Columbia, District of Columbia",43971,24228
1500000US110010076041,"Block Group 1, Census Tract 76.04, District of Columbia, District of Columbia",29655,8549
1500000US110010076042,"Block Group 2, Census Tract 76.04, District of Columbia, District of Columbia",110194,12705
1500000US110010076043,"Block Group 3, Census Tract 76.04, District of Columbia, District of Columbia",50188,41384
1500000US110010076051,"Block Group 1, Census Tract 76.05, District of Columbia, District of Columbia",52279,14790
1500000US110010076052,"Block Group 2, Census Tract 76.05, District of Columbia, District of Columbia",33590,12981
1500000US110010076053,"Block Group 3, Census Tract 76.05, District of Columbia, District of Columbia",94605,25448
1500000US110010077031,"Block Group 1, Census Tract 77.03, District of Columbia, District of Columbia",47092,34858
1500000US110010077032,"Block Group 2, Census Tract 77.03, District of Columbia, District of Columbia",45483,32223
1500000US110010077033,"Block Group 3, Census Tract 77.03, District of Columbia, District of Columbia",16903,9773
1500000US110010077034,"Block Group 4, Census Tract 77.03, District of Columbia, District of Columbia",94605,25448
1500000US110010077071,"Block Group 1, Census Tract 77.07, District of Columbia, District of Columbia",30185,5899
1500000US110010077072,"Block Group 2, Census Tract 77.07, District of Columbia, District of Columbia",67438,22249
1500000US110010077081,"Block Group 1, Census Tract 77.08, District of Columbia, District of Columbia",17339,13100
1500000US110010077082,"Block Group 2, Census Tract 77.08, District of Columbia, District of Columbia",33026,11222
1500000US110010077091,"Block Group 1, Census Tract 77.09, District of Columbia, District of Columbia",39722,12927
1500000US110010077092,"Block Group 2, Census Tract 77.09, District of Columbia, District of Columbia",25688,13129
1500000US110010078031,"Block Group 1, Census Tract 78.03, District of Columbia, District of Columbia",31307,22333
1500000US110010078032,"Block Group 2, Census Tract 78.03, District of Columbia, District of Columbia",64115,16577
1500000US110010078033,"Block Group 3, Census Tract 78.03, District of Columbia, District of Columbia",112643,33188
1500000US110010078034,"Block Group 4, Census Tract 78.03, District of Columbia, District of Columbia",35858,17954
1500000US110010078041,"Block Group 1, Census Tract 78.04, District of Columbia, District of Columbia",56211,15737
1500000US110010078042,"Block Group 2, Census Tract 78.04, District of Columbia, District of Columbia",94605,25448
1500000US110010078043,"Block Group 3, Census Tract 78.04, District of Columbia, District of Columbia",49185,35600
1500000US110010078061,"Block Group 1, Census Tract 78.06, District of Columbia, District of Columbia",53363,1987
1500000US110010078062,"Block Group 2, Census Tract 78.06, District of Columbia, District of Columbia",31904,7341
1500000US110010078071,"Block Group 1, Census Tract 78.07, District of Columbia, District of Columbia",40588,11465
1500000US110010078072,"Block Group 2, Census Tract 78.07, District of Columbia, District of Columbia",46250,27238
1500000US110010078081,"Block Group 1, Census Tract 78.08, District of Columbia, District of Columbia",33000,19041
1500000US110010078082,"Block Group 2, Census Tract 78.08, District of Columbia, District of Columbia",22411,13303
1500000US110010078083,"Block Group 3, Census Tract 78.08, District of Columbia, District of Columbia",107188,47709
1500000US110010078091,"Block Group 1, Census Tract 78.09, District of Columbia, District of Columbia",51800,15375
1500000US110010078092,"Block Group 2, Census Tract 78.09, District of Columbia, District of Columbia",94605,25448
1500000US110010079011,"Block Group 1, Census Tract 79.01, District of Columbia, District of Columbia",70909,59278
1500000US110010079012,"Block Group 2, Census Tract 79.01, District of Columbia, District of Columbia",84770,21374
1500000US110010079013,"Block Group 3, Census Tract 79.01, District of Columbia, District of Columbia",82024,42357
1500000US110010079014,"Block Group 4, Census Tract 79.01, District of Columbia, District of Columbia",38688,28755
1500000US110010079031,"Block Group 1, Census Tract 79.03, District of Columbia, District of Columbia",83542,11855
1500000US110010080011,"Block Group 1, Census Tract 80.01, District of Columbia, District of Columbia",149483,16830
1500000US110010080012,"Block Group 2, Census Tract 80.01, District of Columbia, District of Columbia",165769,70149
1500000US110010080013,"Block Group 3, Census Tract 80.01, District of Columbia, District of Columbia",158750,73739
1500000US110010080021,"Block Group 1, Census Tract 80.02, District of Columbia, District of Columbia",119205,29568
1500000US110010080022,"Block Group 2, Census Tract 80.02, District of Columbia, District of Columbia",150781,32979
1500000US110010081001,"Block Group 1, Census Tract 81, District of Columbia, District of Columbia",178281,74422
1500000US110010081002,"Block Group 2, Census Tract 81, District of Columbia, District of Columbia",157063,53345
1500000US110010081003,"Block Group 3, Census Tract 81, District of Columbia, District of Columbia",135446,48171
1500000US110010082001,"Block Group 1, Census Tract 82, District of Columbia, District of Columbia",157875,29932
1500000US110010082002,"Block Group 2, Census Tract 82, District of Columbia, District of Columbia",123542,19521
1500000US110010083011,"Block Group 1, Census Tract 83.01, District of Columbia, District of Columbia",136125,37579
1500000US110010083012,"Block Group 2, Census Tract 83.01, District of Columbia, District of Columbia",140750,53263
1500000US110010083021,"Block Group 1, Census Tract 83.02, District of Columbia, District of Columbia",152266,19013
1500000US110010084021,"Block Group 1, Census Tract 84.02, District of Columbia, District of Columbia",101667,54105
1500000US110010084022,"Block Group 2, Census Tract 84.02, District of Columbia, District of Columbia",68611,21457
1500000US110010084101,"Block Group 1, Census Tract 84.10, District of Columbia, District of Columbia",167500,32824
1500000US110010087011,"Block Group 1, Census Tract 87.01, District of Columbia, District of Columbia",120625,40051
1500000US110010087012,"Block Group 2, Census Tract 87.01, District of Columbia, District of Columbia",93565,17653
1500000US110010087021,"Block Group 1, Census Tract 87.02, District of Columbia, District of Columbia",49130,36112
1500000US110010087022,"Block Group 2, Census Tract 87.02, District of Columbia, District of Columbia",93158,14942
1500000US110010088021,"Block Group 1, Census Tract 88.02, District of Columbia, District of Columbia",105313,57474
1500000US110010088022,"Block Group 2, Census Tract 88.02, District of Columbia, District of Columbia",32250,25143
1500000US110010088023,"Block Group 3, Census Tract 88.02, District of Columbia, District of Columbia",72750,40514
1500000US110010088024,"Block Group 4, Census Tract 88.02, District of Columbia, District of Columbia",46938,24254
1500000US110010088031,"Block Group 1, Census Tract 88.03, District of Columbia, District of Columbia",41000,14885
1500000US110010088041,"Block Group 1, Census Tract 88.04, District of Columbia, District of Columbia",54250,29595
1500000US110010088042,"Block Group 2, Census Tract 88.04, District of Columbia, District of Columbia",31652,14109
1500000US110010089031,"Block Group 1, Census Tract 89.03, District of Columbia, District of Columbia",68325,25136
1500000US110010089032,"Block Group 2, Census Tract 89.03, District of Columbia, District of Columbia",94605,25448
1500000US110010089041,"Block Group 1, Census Tract 89.04, District of Columbia, District of Columbia",38208,9524
1500000US110010089042,"Block Group 2, Census Tract 89.04, District of Columbia, District of Columbia",65769,35291
1500000US110010090001,"Block Group 1, Census Tract 90, District of Columbia, District of Columbia",38996,31370
1500000US110010090002,"Block Group 2, Census Tract 90, District of Columbia, District of Columbia",53813,18527
1500000US110010091021,"Block Group 1, Census Tract 91.02, District of Columbia, District of Columbia",101250,27187
1500000US110010091022,"Block Group 2, Census Tract 91.02, District of Columbia, District of Columbia",49310,11903
1500000US110010091023,"Block Group 3, Census Tract 91.02, District of Columbia, District of Columbia",22011,9353
1500000US110010092011,"Block Group 1, Census Tract 92.01, District of Columbia, District of Columbia",91563,13235
1500000US110010092031,"Block Group 1, Census Tract 92.03, District of Columbia, District of Columbia",85972,40064
1500000US110010092032,"Block Group 2, Census Tract 92.03, District of Columbia, District of Columbia",85581,29934
1500000US110010092041,"Block Group 1, Census Tract 92.04, District of Columbia, District of Columbia",65714,10688
1500000US110010092042,"Block Group 2, Census Tract 92.04, District of Columbia, District of Columbia",19093,6068
1500000US110010093011,"Block Group 1, Census Tract 93.01, District of Columbia, District of Columbia",96146,20669
1500000US110010093012,"Block Group 2, Census Tract 93.01, District of Columbia, District of Columbia",112083,38270
1500000US110010093013,"Block Group 3, Census Tract 93.01, District of Columbia, District of Columbia",112330,25635
1500000US110010093014,"Block Group 4, Census Tract 93.01, District of Columbia, District of Columbia",221250,108254
1500000US110010093021,"Block Group 1, Census Tract 93.02, District of Columbia, District of Columbia",89808,18478
1500000US110010094001,"Block Group 1, Census Tract 94, District of Columbia, District of Columbia",94605,25448
1500000US110010094002,"Block Group 2, Census Tract 94, District of Columbia, District of Columbia",81875,37552
1500000US110010094003,"Block Group 3, Census Tract 94, District of Columbia, District of Columbia",111500,44896
1500000US110010094004,"Block Group 4, Census Tract 94, District of Columbia, District of Columbia",160625,91688
1500000US110010095011,"Block Group 1, Census Tract 95.01, District of Columbia, District of Columbia",51136,8807
1500000US110010095012,"Block Group 2, Census Tract 95.01, District of Columbia, District of Columbia",24464,23513
1500000US110010095013,"Block Group 3, Census Tract 95.01, District of Columbia, District of Columbia",45625,13826
1500000US110010095031,"Block Group 1, Census Tract 95.03, District of Columbia, District of Columbia",109605,10704
1500000US110010095032,"Block Group 2, Census Tract 95.03, District of Columbia, District of Columbia",123750,38654
1500000US110010095033,"Block Group 3, Census Tract 95.03, District of Columbia, District of Columbia",136048,27978
1500000US110010095041,"Block Group 1, Census Tract 95.04, District of Columbia, District of Columbia",85142,35718
1500000US110010095042,"Block Group 2, Census Tract 95.04, District of Columbia, District of Columbia",86591,25400
1500000US110010095051,"Block Group 1, Census Tract 95.05, District of Columbia, District of Columbia",125833,96582
1500000US110010095052,"Block Group 2, Census Tract 95.05, District of Columbia, District of Columbia",98587,39025
1500000US110010095053,"Block Group 3, Census Tract 95.05, District of Columbia, District of Columbia",78784,25152
1500000US110010095071,"Block Group 1, Census Tract 95.07, District of Columbia, District of Columbia",73359,14203
1500000US110010095081,"Block Group 1, Census Tract 95.08, District of Columbia, District of Columbia",28542,24197
1500000US110010095082,"Block Group 2, Census Tract 95.08, District of Columbia, District of Columbia",105905,31046
1500000US110010095083,"Block Group 3, Census Tract 95.08, District of Columbia, District of Columbia",37045,20729
1500000US110010095091,"Block Group 1, Census Tract 95.09, District of Columbia, District of Columbia",103782,39953
1500000US110010095092,"Block Group 2, Census Tract 95.09, District of Columbia, District of Columbia",66836,17390
1500000US110010095093,"Block Group 3, Census Tract 95.09, District of Columbia, District of Columbia",74718,35537
1500000US110010096011,"Block Group 1, Census Tract 96.01, District of Columbia, District of Columbia",35057,15077
1500000US110010096021,"Block Group 1, Census Tract 96.02, District of Columbia, District of Columbia",31161,13696
1500000US110010096022,"Block Group 2, Census Tract 96.02, District of Columbia, District of Columbia",23448,13237
1500000US110010096031,"Block Group 1, Census Tract 96.03, District of Columbia, District of Columbia",43929,12207
1500000US110010096032,"Block Group 2, Census Tract 96.03, District of Columbia, District of Columbia",72413,21795
1500000US110010096033,"Block Group 3, Census Tract 96.03, District of Columbia, District of Columbia",35731,9029
1500000US110010096041,"Block Group 1, Census Tract 96.04, District of Columbia, District of Columbia",59286,16287
1500000US110010096042,"Block Group 2, Census Tract 96.04, District of Columbia, District of Columbia",70848,35998
1500000US110010097001,"Block Group 1, Census Tract 97, District of Columbia, District of Columbia",29250,14412
1500000US110010097002,"Block Group 2, Census Tract 97, District of Columbia, District of Columbia",58942,57907
1500000US110010098011,"Block Group 1, Census Tract 98.01, District of Columbia, District of Columbia",22589,7120
1500000US110010098021,"Block Group 1, Census Tract 98.02, District of Columbia, District of Columbia",17727,6366
1500000US110010098022,"Block Group 2, Census Tract 98.02, District of Columbia, District of Columbia",19306,18427
1500000US110010098031,"Block Group 1, Census Tract 98.03, District of Columbia, District of Columbia",48304,25132
1500000US110010098032,"Block Group 2, Census Tract 98.03, District of Columbia, District of Columbia",46650,27337
1500000US110010098033,"Block Group 3, Census Tract 98.03, District of Columbia, District of Columbia",18155,7481
1500000US110010098041,"Block Group 1, Census Tract 98.04, District of Columbia, District of Columbia",40058,4617
1500000US110010098042,"Block Group 2, Census Tract 98.04, District of Columbia, District of Columbia",42528,11161
1500000US110010098071,"Block Group 1, Census Tract 98.07, District of Columbia, District of Columbia",69592,31739
1500000US110010098072,"Block Group 2, Census Tract 98.07, District of Columbia, District of Columbia",35417,7629
1500000US110010098101,"Block Group 1, Census Tract 98.10, District of Columbia, District of Columbia",36012,10189
1500000US110010098102,"Block Group 2, Census Tract 98.10, District of Columbia, District of Columbia",40136,15582
1500000US110010098111,"Block Group 1, Census Tract 98.11, District of Columbia, District of Columbia",31944,3955
1500000US110010098112,"Block Group 2, Census Tract 98.11, District of Columbia, District of Columbia",30611,7877
1500000US110010099011,"Block Group 1, Census Tract 99.01, District of Columbia, District of Columbia",62647,20247
1500000US110010099012,"Block Group 2, Census Tract 99.01, District of Columbia, District of Columbia",118011,19336
1500000US110010099021,"Block Group 1, Census Tract 99.02, District of Columbia, District of Columbia",64188,39801
1500000US110010099022,"Block Group 2, Census Tract 99.02, District of Columbia, District of Columbia",73500,21649
1500000US110010099031,"Block Group 1, Census Tract 99.03, District of Columbia, District of Columbia",60875,33678
1500000US110010099032,"Block Group 2, Census Tract 99.03, District of Columbia, District of Columbia",73214,47587
1500000US110010099041,"Block Group 1, Census Tract 99.04, District of Columbia, District of Columbia",58015,24021
1500000US110010099042,"Block Group 2, Census Tract 99.04, District of Columbia, District of Columbia",32054,24281
1500000US110010099051,"Block Group 1, Census Tract 99.05, District of Columbia, District of Columbia",94605,25448
1500000US110010099052,"Block Group 2, Census Tract 99.05, District of Columbia, District of Columbia",50096,29062
1500000US110010099053,"Block Group 3, Census Tract 99.05, District of Columbia, District of Columbia",36103,32760
1500000US110010099061,"Block Group 1, Census Tract 99.06, District of Columbia, District of Columbia",37731,10628
1500000US110010099071,"Block Group 1, Census Tract 99.07, District of Columbia, District of Columbia",53155,40659
1500000US110010099072,"Block Group 2, Census Tract 99.07, District of Columbia, District of Columbia",37951,13213
1500000US110010101001,"Block Group 1, Census Tract 101, District of Columbia, District of Columbia",128571,29926
1500000US110010101002,"Block Group 2, Census Tract 101, District of Columbia, District of Columbia",63571,17864
1500000US110010102001,"Block Group 1, Census Tract 102, District of Columbia, District of Columbia",129716,22569
1500000US110010102002,"Block Group 2, Census Tract 102, District of Columbia, District of Columbia",100350,24015
1500000US110010103001,"Block Group 1, Census Tract 103, District of Columbia, District of Columbia",82222,20569
1500000US110010103002,"Block Group 2, Census Tract 103, District of Columbia, District of Columbia",94179,23589
1500000US110010103003,"Block Group 3, Census Tract 103, District of Columbia, District of Columbia",108674,48400
1500000US110010104001,"Block Group 1, Census Tract 104, District of Columbia, District of Columbia",38953,6108
1500000US110010104002,"Block Group 2, Census Tract 104, District of Columbia, District of Columbia",31314,18783
1500000US110010105001,"Block Group 1, Census Tract 105, District of Columbia, District of Columbia",53603,17638
1500000US110010105002,"Block Group 2, Census Tract 105, District of Columbia, District of Columbia",104022,37097
1500000US110010106001,"Block Group 1, Census Tract 106, District of Columbia, District of Columbia",119479,77088
1500000US110010106002,"Block Group 2, Census Tract 106, District of Columbia, District of Columbia",113947,9099
1500000US110010106003,"Block Group 3, Census Tract 106, District of Columbia, District of Columbia",148281,86487
1500000US110010107001,"Block Group 1, Census Tract 107, District of Columbia, District of Columbia",76250,5245
1500000US110010107002,"Block Group 2, Census Tract 107, District of Columbia, District of Columbia",75104,36867
1500000US110010108001,"Block Group 1, Census Tract 108, District of Columbia, District of Columbia",94605,25448
1500000US110010108002,"Block Group 2, Census Tract 108, District of Columbia, District of Columbia",94605,25448
1500000US110010108003,"Block Group 3, Census Tract 108, District of Columbia, District of Columbia",71250,48578
1500000US110010109001,"Block Group 1, Census Tract 109, District of Columbia, District of Columbia",38508,8166
1500000US110010109002,"Block Group 2, Census Tract 109, District of Columbia, District of Columbia",29167,17181
1500000US110010110001,"Block Group 1, Census Tract 110, District of Columbia, District of Columbia",35060,14341
1500000US110010110002,"Block Group 2, Census Tract 110, District of Columbia, District of Columbia",89348,43260
1500000US110010110003,"Block Group 3, Census Tract 110, District of Columbia, District of Columbia",111136,38912
1500000US110010110004,"Block Group 4, Census Tract 110, District of Columbia, District of Columbia",110781,42265
1500000US110010111001,"Block Group 1, Census Tract 111, District of Columbia, District of Columbia",94667,13568
1500000US110010111002,"Block Group 2, Census Tract 111, District of Columbia, District of Columbia",87574,34406
1500000US110010111003,"Block Group 3, Census Tract 111, District of Columbia, District of Columbia",50658,15240